Asset,Asset Classes
shares,equities
market,equities
stock exchange,equities
risk tolerance,equities
investors returns,equities
asset allocation,equities
investment,equities
capital market,equities
portfolio,equities
market forecasts,equities
funds,equities
investors ,equities
global market,equities
market value,equities
market equilibrium portfolio,equities
derivatives,equities
cash flow,fixed income
bonds,fixed income
liabilities,fixed income
interest rate,fixed income
banks,fixed income
savings account,fixed income
government bonds,fixed income
corporate bonds,fixed income
pension benifits,fixed income
retirement needs,fixed income
life insurance companies,fixed income
annuity payments,fixed income
return guarantees,fixed income
deposits,fixed income
fixed deposits,fixed income
municipal bonds,fixed income
certificate of deposit,fixed income
treasuries,fixed income
infra ,real estate
metro,real estate
apartment,real estate
investmet,real estate
home,real estate
rent,real estate
retail,real estate
warehouse,real estate
office ,real estate
landlord,real estate
loan ,real estate
property,real estate
mortgage payments,real estate
property tax,real estate
living expenses,real estate
metals,commodities
gold,commodities
silver,commodities
oil,commodities
gas,commodities
grains,commodities
wheat ,commodities
rice,commodities
millets,commodities
agricultural products,commodities
meat,commodities
dairy,commodities
e-commerce,commodities
sea food,commodities
long funds,hedge funds
short funds,hedge funds
global macro funds,hedge funds
merger arbitrage,hedge funds
high frequency trading,hedge funds
market neutral,hedge funds
convertible arbitrage,hedge funds
event driven,hedge funds
credit,hedge funds
fixed income arbitrage,hedge funds
global macro,hedge funds
private investments,venture capital
venture capital trusts,venture capital
spending commitments,venture capital
capital project commitments,venture capital
patents,collectives
classic wine,collectives
vintage cars,collectives
art,collectives
paintings,collectives
brand,collectives
logo,collectives
paintings,collectives
historical treasure,collectives
patent backed loans,collectives
intellectual property,collectives
foreign exchange,currency
us dollar,currency
singapore dollar,currency
canadian dollar,currency
chinese renminbi,currency
yen,currency
euro,currency
dirahms,currency
rupee,currency
digital currency,cryptocurrency
bitcoin,cryptocurrency
crypto funds,cryptocurrency
crypto market,cryptocurrency
crypto assets,cryptocurrency
ethereum,cryptocurrency
ripple,cryptocurrency
lite coin,cryptocurrency
digital assets,cryptocurrency